CH0,Expected Time (s),Start Index,Stop Index,Start Time,Stop Time,Time Taken,Is Transition?,CH0.Min,CH0.Max,CH0.Mean,CH0.Pk to Pk
0,X,0,6,0.0,0.6,0.6,False,-0.1,0.1,0.06666666666666667,0.2
0,X,7,9,0.7,0.9,0.20000000000000007,True,0.4,0.6,0.5,0.19999999999999996
1,1,10,20,1.0,2.0,1.0,False,0.99,1.04,1.004,0.050000000000000044
0,X,21,30,2.1,3.0,0.8999999999999999,False,-0.1,0.1,0.03333333333333334,0.2
